Title,Link
Examen de la propriété,https://fr.carcarekiosk.com/review/2014_BMW_320i_2.0L_4_Cyl._Turbo
,https://fr.carcarekiosk.com/review/2014_BMW_320i_2.0L_4_Cyl._Turbo
Ajouter de Antigel,https://fr.carcarekiosk.com/video/2014_BMW_320i_2.0L_4_Cyl._Turbo/antigel/ajouter-de-antigel
,https://fr.carcarekiosk.com/video/2014_BMW_320i_2.0L_4_Cyl._Turbo/antigel/ajouter-de-antigel
Réparer les Fuites,https://fr.carcarekiosk.com/video/2014_BMW_320i_2.0L_4_Cyl._Turbo/antigel/reparer-les-fuites
,https://fr.carcarekiosk.com/video/2014_BMW_320i_2.0L_4_Cyl._Turbo/antigel/reparer-les-fuites
Rincer Antigel,https://fr.carcarekiosk.com/video/2014_BMW_320i_2.0L_4_Cyl._Turbo/antigel/rincer-antigel
,https://fr.carcarekiosk.com/video/2014_BMW_320i_2.0L_4_Cyl._Turbo/antigel/rincer-antigel
Vérifiez le niveau d'antigel,https://fr.carcarekiosk.com/video/2014_BMW_320i_2.0L_4_Cyl._Turbo/antigel/verifier-le-niveau-de-antigel
,https://fr.carcarekiosk.com/video/2014_BMW_320i_2.0L_4_Cyl._Turbo/antigel/verifier-le-niveau-de-antigel
Changer les balais des essuie-glace,https://fr.carcarekiosk.com/video/2014_BMW_320i_2.0L_4_Cyl._Turbo/balais-essuie-glace-avant/changer-les-balais-des-essuie-glace
,https://fr.carcarekiosk.com/video/2014_BMW_320i_2.0L_4_Cyl._Turbo/balais-essuie-glace-avant/changer-les-balais-des-essuie-glace
Changement,https://fr.carcarekiosk.com/video/2014_BMW_320i_2.0L_4_Cyl._Turbo/batterie/changement
,https://fr.carcarekiosk.com/video/2014_BMW_320i_2.0L_4_Cyl._Turbo/batterie/changement
Début de saut,https://fr.carcarekiosk.com/video/2014_BMW_320i_2.0L_4_Cyl._Turbo/batterie/debut-de-saut
,https://fr.carcarekiosk.com/video/2014_BMW_320i_2.0L_4_Cyl._Turbo/batterie/debut-de-saut
Ouvrir le capot,https://fr.carcarekiosk.com/video/2014_BMW_320i_2.0L_4_Cyl._Turbo/capot/ouvre-le-capot
,https://fr.carcarekiosk.com/video/2014_BMW_320i_2.0L_4_Cyl._Turbo/capot/ouvre-le-capot
Ajouter du réfrigérant,https://fr.carcarekiosk.com/video/2014_BMW_320i_2.0L_4_Cyl._Turbo/climatisation/ajouter-du-refrigerant
,https://fr.carcarekiosk.com/video/2014_BMW_320i_2.0L_4_Cyl._Turbo/climatisation/ajouter-du-refrigerant
Contrôle,https://fr.carcarekiosk.com/video/2014_BMW_320i_2.0L_4_Cyl._Turbo/courroies/controle
,https://fr.carcarekiosk.com/video/2014_BMW_320i_2.0L_4_Cyl._Turbo/courroies/controle
Sceller les fuites,https://fr.carcarekiosk.com/video/2014_BMW_320i_2.0L_4_Cyl._Turbo/durites/reparer-les-fuites
,https://fr.carcarekiosk.com/video/2014_BMW_320i_2.0L_4_Cyl._Turbo/durites/reparer-les-fuites
Vérifier les durites,https://fr.carcarekiosk.com/video/2014_BMW_320i_2.0L_4_Cyl._Turbo/durites/verifier-les-durites
,https://fr.carcarekiosk.com/video/2014_BMW_320i_2.0L_4_Cyl._Turbo/durites/verifier-les-durites
Changement,https://fr.carcarekiosk.com/video/2014_BMW_320i_2.0L_4_Cyl._Turbo/filtre-a-air-interieur/changement
,https://fr.carcarekiosk.com/video/2014_BMW_320i_2.0L_4_Cyl._Turbo/filtre-a-air-interieur/changement
Contrôle,https://fr.carcarekiosk.com/video/2014_BMW_320i_2.0L_4_Cyl._Turbo/filtre-a-air-interieur/controle
,https://fr.carcarekiosk.com/video/2014_BMW_320i_2.0L_4_Cyl._Turbo/filtre-a-air-interieur/controle
Changement,https://fr.carcarekiosk.com/video/2014_BMW_320i_2.0L_4_Cyl._Turbo/filtre-a-air-moteur/changement
,https://fr.carcarekiosk.com/video/2014_BMW_320i_2.0L_4_Cyl._Turbo/filtre-a-air-moteur/changement
Contrôle,https://fr.carcarekiosk.com/video/2014_BMW_320i_2.0L_4_Cyl._Turbo/filtre-a-air-moteur/controle
,https://fr.carcarekiosk.com/video/2014_BMW_320i_2.0L_4_Cyl._Turbo/filtre-a-air-moteur/controle
Contrôle,https://fr.carcarekiosk.com/video/2014_BMW_320i_2.0L_4_Cyl._Turbo/interieur-de-fusible/controle
,https://fr.carcarekiosk.com/video/2014_BMW_320i_2.0L_4_Cyl._Turbo/interieur-de-fusible/controle
Remplacement,https://fr.carcarekiosk.com/video/2014_BMW_320i_2.0L_4_Cyl._Turbo/interieur-de-fusible/remplacer
,https://fr.carcarekiosk.com/video/2014_BMW_320i_2.0L_4_Cyl._Turbo/interieur-de-fusible/remplacer
Contrôle,https://fr.carcarekiosk.com/video/2014_BMW_320i_2.0L_4_Cyl._Turbo/moteur-de-fusible/controle
,https://fr.carcarekiosk.com/video/2014_BMW_320i_2.0L_4_Cyl._Turbo/moteur-de-fusible/controle
Remplacement,https://fr.carcarekiosk.com/video/2014_BMW_320i_2.0L_4_Cyl._Turbo/moteur-de-fusible/remplacer
,https://fr.carcarekiosk.com/video/2014_BMW_320i_2.0L_4_Cyl._Turbo/moteur-de-fusible/remplacer
Régler l'horloge,https://fr.carcarekiosk.com/video/2014_BMW_320i_2.0L_4_Cyl._Turbo/horloge/regler-l-horloge
,https://fr.carcarekiosk.com/video/2014_BMW_320i_2.0L_4_Cyl._Turbo/horloge/regler-l-horloge
Ajouter de l'huile,https://fr.carcarekiosk.com/video/2014_BMW_320i_2.0L_4_Cyl._Turbo/huile/ajouter-l-huile
,https://fr.carcarekiosk.com/video/2014_BMW_320i_2.0L_4_Cyl._Turbo/huile/ajouter-l-huile
Changer l'huile et le filtre à huile,https://fr.carcarekiosk.com/video/2014_BMW_320i_2.0L_4_Cyl._Turbo/huile/changer-l-huile-et-le-filtre-a-huile
,https://fr.carcarekiosk.com/video/2014_BMW_320i_2.0L_4_Cyl._Turbo/huile/changer-l-huile-et-le-filtre-a-huile
Sceller les fuites,https://fr.carcarekiosk.com/video/2014_BMW_320i_2.0L_4_Cyl._Turbo/huile/reparer-les-fuites
,https://fr.carcarekiosk.com/video/2014_BMW_320i_2.0L_4_Cyl._Turbo/huile/reparer-les-fuites
Vérifier le niveau de l'huile,https://fr.carcarekiosk.com/video/2014_BMW_320i_2.0L_4_Cyl._Turbo/huile/verifier-le-niveau-d-huile
,https://fr.carcarekiosk.com/video/2014_BMW_320i_2.0L_4_Cyl._Turbo/huile/verifier-le-niveau-d-huile
Ajouter du liquide,https://fr.carcarekiosk.com/video/2014_BMW_320i_2.0L_4_Cyl._Turbo/liquide-de-frein/ajouter-du-liquide
,https://fr.carcarekiosk.com/video/2014_BMW_320i_2.0L_4_Cyl._Turbo/liquide-de-frein/ajouter-du-liquide
Contrôler le niveau de liquide de frein,https://fr.carcarekiosk.com/video/2014_BMW_320i_2.0L_4_Cyl._Turbo/liquide-de-frein/controler-le-niveau-de-liquide-de-frein
,https://fr.carcarekiosk.com/video/2014_BMW_320i_2.0L_4_Cyl._Turbo/liquide-de-frein/controler-le-niveau-de-liquide-de-frein
Rajouter du liquide,https://fr.carcarekiosk.com/video/2014_BMW_320i_2.0L_4_Cyl._Turbo/liquide-de-transmission/ajouter
,https://fr.carcarekiosk.com/video/2014_BMW_320i_2.0L_4_Cyl._Turbo/liquide-de-transmission/ajouter
Sceller les fuites,https://fr.carcarekiosk.com/video/2014_BMW_320i_2.0L_4_Cyl._Turbo/liquide-de-transmission/reparer-les-fuites
,https://fr.carcarekiosk.com/video/2014_BMW_320i_2.0L_4_Cyl._Turbo/liquide-de-transmission/reparer-les-fuites
Vérifier le niveau de liquide,https://fr.carcarekiosk.com/video/2014_BMW_320i_2.0L_4_Cyl._Turbo/liquide-de-transmission/verifier-le-niveau-de-liquide
,https://fr.carcarekiosk.com/video/2014_BMW_320i_2.0L_4_Cyl._Turbo/liquide-de-transmission/verifier-le-niveau-de-liquide
Ajouter du liquide,https://fr.carcarekiosk.com/video/2014_BMW_320i_2.0L_4_Cyl._Turbo/liquide-essuie-glace/ajouter-du-liquide
,https://fr.carcarekiosk.com/video/2014_BMW_320i_2.0L_4_Cyl._Turbo/liquide-essuie-glace/ajouter-du-liquide
Diagnostic,https://fr.carcarekiosk.com/video/2014_BMW_320i_2.0L_4_Cyl._Turbo/lumiere-du-moteur/diagnostic
,https://fr.carcarekiosk.com/video/2014_BMW_320i_2.0L_4_Cyl._Turbo/lumiere-du-moteur/diagnostic
Utiliser le cric pour lever la voiture,https://fr.carcarekiosk.com/video/2014_BMW_320i_2.0L_4_Cyl._Turbo/monter-sur-cric/utiliser-le-cric-pour-lever-la-voiture
,https://fr.carcarekiosk.com/video/2014_BMW_320i_2.0L_4_Cyl._Turbo/monter-sur-cric/utiliser-le-cric-pour-lever-la-voiture
Changer un pneu crevé,https://fr.carcarekiosk.com/video/2014_BMW_320i_2.0L_4_Cyl._Turbo/pneus-et-roues/changer-un-pneu-creve
,https://fr.carcarekiosk.com/video/2014_BMW_320i_2.0L_4_Cyl._Turbo/pneus-et-roues/changer-un-pneu-creve
Permuter les pneus,https://fr.carcarekiosk.com/video/2014_BMW_320i_2.0L_4_Cyl._Turbo/pneus-et-roues/permuter-les-pneus
,https://fr.carcarekiosk.com/video/2014_BMW_320i_2.0L_4_Cyl._Turbo/pneus-et-roues/permuter-les-pneus
Vérifier la pression des pneus,https://fr.carcarekiosk.com/video/2014_BMW_320i_2.0L_4_Cyl._Turbo/pneus-et-roues/verifier-la-pression-des-pneus
,https://fr.carcarekiosk.com/video/2014_BMW_320i_2.0L_4_Cyl._Turbo/pneus-et-roues/verifier-la-pression-des-pneus
Feu antibrouillard (remplacer l'ampoule),https://fr.carcarekiosk.com/video/2014_BMW_320i_2.0L_4_Cyl._Turbo/eclairage/feu-antibrouillard
,https://fr.carcarekiosk.com/video/2014_BMW_320i_2.0L_4_Cyl._Turbo/eclairage/feu-antibrouillard
Feux de position arrière (remplacer ampoule),https://fr.carcarekiosk.com/video/2014_BMW_320i_2.0L_4_Cyl._Turbo/eclairage/feu-arriere
,https://fr.carcarekiosk.com/video/2014_BMW_320i_2.0L_4_Cyl._Turbo/eclairage/feu-arriere
Feu clignotant arrière (remplacer l'ampoule),https://fr.carcarekiosk.com/video/2014_BMW_320i_2.0L_4_Cyl._Turbo/eclairage/feu-clignotant-arriere
,https://fr.carcarekiosk.com/video/2014_BMW_320i_2.0L_4_Cyl._Turbo/eclairage/feu-clignotant-arriere
Feu clignotant avant (remplacer l'ampoule),https://fr.carcarekiosk.com/video/2014_BMW_320i_2.0L_4_Cyl._Turbo/eclairage/feu-clignotant-avant
,https://fr.carcarekiosk.com/video/2014_BMW_320i_2.0L_4_Cyl._Turbo/eclairage/feu-clignotant-avant
Feu de freinage central (remplacer l'ampoule),https://fr.carcarekiosk.com/video/2014_BMW_320i_2.0L_4_Cyl._Turbo/eclairage/feu-de-freinage-central
,https://fr.carcarekiosk.com/video/2014_BMW_320i_2.0L_4_Cyl._Turbo/eclairage/feu-de-freinage-central
Feu de jour (remplacer l'ampoule),https://fr.carcarekiosk.com/video/2014_BMW_320i_2.0L_4_Cyl._Turbo/eclairage/feu-de-jour
,https://fr.carcarekiosk.com/video/2014_BMW_320i_2.0L_4_Cyl._Turbo/eclairage/feu-de-jour
Feux de marche arrière (remplacer une ampoule),https://fr.carcarekiosk.com/video/2014_BMW_320i_2.0L_4_Cyl._Turbo/eclairage/feu-de-marche-arriere
,https://fr.carcarekiosk.com/video/2014_BMW_320i_2.0L_4_Cyl._Turbo/eclairage/feu-de-marche-arriere
Feu stop (remplacer ampoule),https://fr.carcarekiosk.com/video/2014_BMW_320i_2.0L_4_Cyl._Turbo/eclairage/feu-stop
,https://fr.carcarekiosk.com/video/2014_BMW_320i_2.0L_4_Cyl._Turbo/eclairage/feu-stop
Feux de croisement (remplacer l'ampoule),https://fr.carcarekiosk.com/video/2014_BMW_320i_2.0L_4_Cyl._Turbo/eclairage/feux-de-croisement
,https://fr.carcarekiosk.com/video/2014_BMW_320i_2.0L_4_Cyl._Turbo/eclairage/feux-de-croisement
Feux de route (remplacer l'ampoule),https://fr.carcarekiosk.com/video/2014_BMW_320i_2.0L_4_Cyl._Turbo/eclairage/feux-de-route
,https://fr.carcarekiosk.com/video/2014_BMW_320i_2.0L_4_Cyl._Turbo/eclairage/feux-de-route
Feux de stationnement,https://fr.carcarekiosk.com/video/2014_BMW_320i_2.0L_4_Cyl._Turbo/eclairage/feux-de-stationnement
,https://fr.carcarekiosk.com/video/2014_BMW_320i_2.0L_4_Cyl._Turbo/eclairage/feux-de-stationnement
Liste entière des pièces de rechange et d'outils,https://fr.carcarekiosk.com/pieces-et-outils
Télécharger Manuel du Propriétaire de BMW,https://www.bmwusa.com/Standard/Content/Owner/dgh.aspx
